{"cameraMode":{"drawMode":0,"name":"Shaded","section":"Shading Mode"},"sceneLighting":true,"audioPlay":false,"sceneViewState":{"m_AlwaysRefresh":false,"showFog":true,"showSkybox":false,"showFlares":true,"showImageEffects":true,"showParticleSystems":true,"showVisualEffectGraphs":true,"m_FxEnabled":false},"in2DMode":false,"pivot":{"x":3.2721614837646486,"y":5.22703742980957,"z":-7.050741195678711},"rotation":{"x":0.00015704933321103454,"y":0.996190071105957,"z":-0.08719874173402786,"w":0.0017940157558768988},"size":16.19566535949707,"orthographic":false}